,Indo,Symbol,Symbol_Name,Description,Voicing,Place_of_Articulation,Manner_of_Articulation,Height,Backness,Rounding,Status,UCS_Code,AFII_Code,,,,
101,p,p,lower-case P,,voiceless,bilabial,plosive,,,,,70,E2A2,,,,
102,b,b,lower-case B,,voiced,bilabial,plosive,,,,,62,E2A3,,,,
103,t,t,lower-case T,,voiceless,dental,alveolar,plosive,,,,,74,E2B0,,,
104,d,d,lower-case D,,voiced,dental,alveolar,plosive,,,,,64,E2B1,,,
105,Nan, à,right-tail T,,voiceless,retroflex,plosive,,,,,288,E2C7,,,,
106,Nan,…ñ,right-tail D,,voiced,retroflex,plosive,,,,,256,E2C8,,,,
107,c,t É,,,,,,,,,,,,,,,
107,,c,lower-case C,,voiceless,palatal,plosive,,,,,63,E2D8,,,,
108,,…ü,barred dotless J,,voiced,palatal,plosive,,,,,025F,E2D9,,,,
109,q,k,,,,,,,,,,,,,,,
109,k,k,lower-case K,,voiceless,velar,plosive,,,,,006B,E2DE,,,,
110,…°,…°,opentail G,,voiced,velar,plosive,,,,equivalent to 210,261,E2DF,,,,
110,g,g,,,,,,,,,,,,,,,
111,,q,lower-case Q,,voiceless,uvular,plosive,,,,,71,E2E6,,,,
112,,…¢,small capital G,,voiced,uvular,plosive,,,,,262,E2E7,,,,
113,, î,glottal stop,,,glottal,plosive,,,,,294,E2ED,,,,
114,m,m,lower-case M,,voiced,bilabial,nasal,,,,,006D,E2A1,,,,
115,,…±,left-tail M (at right),,voiced,labiodental,nasal,,,,,271,E2AB,,,,
116,n,n,lower-case N,,voiced,dental,alveolar,nasal,,,,,006E,E2AF,,,
117,Nan,…≥,right-tail N,,voiced,retroflex,nasal,,,,,273,E2C6,,,,
118,,…≤,left-tail N (at left),,voiced,palatal,nasal,,,,,272,E2D7,,,,
119,ng,≈ã,eng,,voiced,velar,nasal,,,,,014B,E2DD,,,,
120,,…¥,small capital N,,voiced,uvular,nasal,,,,,274,E2E4,,,,
121,, ô,small capital B,,voiced,bilabial,trill,,,,,299,E2F0,,,,
122,r,r,lower-case R,,voiced,dental,alveolar,trill,,,,,72,E2C0,,,
123,, Ä,small capital R,,voiced,uvular,trill,,,,,280,E2EA,,,,
124,,…æ,fish-hook R,,voiced,dental,alveolar,tap,,,,,027E,E2C1,,,
125,,…Ω,right-tail R,,voiced,retroflex,flap,,,,,027D,E2CD,,,,
126,,…∏,phi,,voiceless,bilabial,fricative,,,,,278,E2A4,,,,
127,,Œ≤,beta,,voiced,bilabial,fricative,,,,,03B2,E2A5,,,,
128,f,f,lower-case F,,voiceless,labiodental,fricative,,,,,66,E2AC,,,,
129,v,v,lower-case V,,voiced,labiodental,fricative,,,,,76,E2AD,,,,
130,,Œ∏,theta,,voiceless,dental,fricative,,,,,03B8,E2B2,,,,
131,√∞,√∞,eth,,voiced,dental,fricative,,,,,00F0,E2B3,,,,
132,s,s,lower-case S,,voiceless,alveolar,fricative,,,,,73,E2B6,,,,
133,z,z,lower-case Z,,voiced,alveolar,fricative,,,,,007A,E2B7,,,,
134,sy, É,esh,,voiceless,postalveolar,fricative,,,,,283,E2D0,,,,
135,, í,ezh,tailed Z,,voiced,postalveolar,fricative,,,,,292,E2D1,,,
136,, Ç,right-tail S (at left),,voiceless,retroflex,fricative,,,,,282,E2C9,,,,
137,, ê,right-tail Z,,voiced,retroflex,fricative,,,,,290,E2CA,,,,
138,,√ß,C cedilla,,voiceless,palatal,fricative,,,,,0,E2DA,,,,
139,, ù,curly-tail J,,voiced,palatal,fricative,,,,,029D,E2F3,,,,
140,,x,lower-case X,,voiceless,palatal,fricative,,,,,78,E2E0,,,,
140,x,x,,,,,,,,,,,,,,,
141,,…£,gamma,,voiced,velar,fricative,,,,,263,E2E1,,,,
142,,œá,chi,,voiceless,uvular,fricative,,,,,03C7,E2E8,,,,
143,, Å,inverted small capital R,,voiced,uvular,fricative,,,,,281,E2E9,,,,
144,,ƒß,barred H,,voiceless,pharyngeal,fricative,,,,,127,E2EB,,,,
145,, ï,reversed glottal stop,,voiced,pharyngeal,fricative,approximant,,,,,295,E2EC,,,
146,h,h,lower-case H,,voiceless,glottal,fricative,,,,,68,E2EE,,,,
147,,…¶,hooktop G,,voiced,glottal,fricative,,,,,266,E2EF,,,,
148,,…¨,belted L,,voiceless,dental,alveolar,lateral fricative,,,,,026C,E2BB,,,
149,,…Æ,L-ezh ligature,,voiced,dental,alveolar,lateral fricative,,,,,026E,E2BC,,,
150,, ã,cursive V,,voiced,labiodental,approximant,,,,,028B,E2AE,,,,
151,,…π,turned R,,voiced,dental,alveolar,approximant,,,,,279,E2BA,,,
152,,…ª,"turned R, right tail",,voiced,retroflex,approximant,,,,,027B,E2CB,,,,
153,,j,lower-case J,,voiced,palatal,approximant,,,,,006A,E2DB,,,,
153,j, í,,,,,,,,,,,,,,,
154,,…∞,"turned M, right leg",,voiced,velar,approximant,,,,,270,E2E2,,,,
155,l,l,lower-case L,,voiced,dental,alveolar,lateral approximant,,,,,006C,E2BD,,,
156,,…≠,right-tail L,,voiced,retroflex,lateral approximant,,,,,026D,E2CC,,,,
157,, é,turned Y,,voiced,palatal,lateral approximant,,,,,028E,E2DC,,,,
158,, ü,small capital L,,voiced,velar,lateral approximant,,,,,029F,E2F5,,,,
159,,∆•,hooktop P,,voiceless,bilabial,implosive,,,,withdrawn (1993),01A5,2378,,,,
160,,…ì,hooktop B,,voiced,bilabial,implosive,,,,,253,E2A9,,,,
161,,∆≠,hooktop T,,voiceless,dental,alveolar,implosive,,,,withdrawn (1993),01AD,2379,,,
162,,…ó,hooktop D,,voiced,dental,alveolar,implosive,,,,,257,E2C2,,,
163,,∆à,hooktop C,,voiceless,palatal,implosive,,,,withdrawn (1993),188,2376,,,,
164,, Ñ,hooktop barred dotless J,,voiced,palatal,implosive,,,,,284,E27C,,,,
165,,∆ô,hooktop K,,voiceless,velar,implosive,,,,withdrawn (1993),199,2363,,,,
166,,…†,hooktop G,,voiced,velar,implosive,,,,,260,E27E,,,,
167,, †,hooktop Q,,voiceless,uvular,implosive,,,,withdrawn (1993),02A0,E2F6,,,,
168,, õ,hooktop small capital G,,voiced,uvular,implosive,,,,,029B,E2F1,,,,
169,, ç,turned W,,voiceless,labial-velar,fricative,,,,,028D,E2A7,,,,
170,w,w,lower-case W,,voiced,labial-velar,approximant,,,,,77,E2A8,,,,
171,,…•,turned H,,voiced,labial-palatal,approximant,,,,,265,E2A6,,,,
172,, ú,small capital H,,voiceless,epiglottal,fricative,,,,,029C,E2F2,,,,
173,, °,barred glottal stop,,,epiglottal,plosive,,,,,02A1,E2F7,,,,
174,, ¢,barred reversed glottal stop,,voiced,epiglottal,fricative,approximant,,,,,02A2,E2F8,,,
175,,…ß,hooktop heng,,voiceless,simultaneous postalveolar and velar,fricative,,,,,267,E2D6,,,,
176,, ò,bull‚Äôs eye,,,bilabial,click,,,,,298,E2AA,,,,
177,,«Ä,pipe,,,dental,click,,,,,01C0,23A6,,,,
178,,«É,exclamation point,,,(post)alveolar,click,,,,,01C3,23A5,,,,
179,,«Ç,double-barred pipe,,,palatoalveolar,click,,,,,01C2,23A4,,,,
180,,«Å,double pipe,,,alveolar,lateral click,,,,,01C1,23A7,,,,
181,,…∫,turned long-leg R,,voiced,alveolar,lateral flap,,,,,027A,E2BF,,,,
182,,…ï,curly-tail C,,voiceless,alveolo-palatal,fricative,,,,,255,E2CE,,,,
183,, ë,curly-tail Z,,voiced,alveolo-palatal,fricative,,,,,291,E2CF,,,,
184,,‚±±,right-hook V,,voiced,labiodental,flap,,,,adopted (2005),2C71,,,,,
201,, á,turned T,,,dental,click,,,,superseded by 177 (1989),287,E2C3,,,,
202,, ó,stretched C,,,postalveolar,click,,,,superseded by 178 (1989),297,E2C4,,,,
203,, ñ,inverted glottal stop,,,alveolar,lateral click,,,,superseded by 180 (1989),296,E2C5,,,,
204,, Ü,curly-tail esh,,,,,,,,withdrawn (1989),286,E2D2,,,,
205,, ì,curly-tail ezh,,,,,,,,withdrawn (1989),293,E2D3,,,,
206,,…º,long-leg R,,,,,,,,withdrawn (1989),027C,E2BE,,,,
207,,À¢,superscript S,,,,,,,,withdrawn (1989),200,FDA7,,,,
208,,∆´,left-hook T,palatalized,voiceless,dental,alveolar,plosive,,,,withdrawn (1989),01AB,E2A0,,,
209,,…´,L with tilde,velarized,voiced,dental,alveolar,lateral approximant,,,,,026B,E27D,,,
210,,g,looptail G,,voiced,velar,plosive,,,,equivalent to 110,67,E2E3,,,,
211,, ¶,T-S ligature,,voiceless,dental,alveolar,affricate,,,,superseded by 103+132,02A6,E2FC,,,
212,, £,D-Z ligature,,voiced,alveolar,affricate,,,,superseded by 104+133,02A3,E2F9,,,,
213,, ß,T-esh ligature,,voiceless,postalveolar,affricate,,,,superseded by 103+134,02A7,E2FD,,,,
214,, §,D-ezh ligature,,voiced,postalveolar,affricate,,,,superseded by 104+135,02A4,E2FA,,,,
215,, ®,T-curly-tail-C ligature,,voiceless,alveolo-palatal,affricate,,,,superseded by 103+182,02A8,E2FE,,,,
216,, •,D-curly-tail-Z ligature,,voiced,alveolo-palatal,affricate,,,,superseded by 104+183,02A5,E2FB,,,,
217,,·∂ø,superscript theta,,voiceless,dental,fricative release,,,,,1DBF,E21B,,,,
218,,·µä,superscript schwa,,,,release,mid,central,,,1D4A,E21A,,,,
219,,·∂ë,hooktop right-tail-D,,voiced,retroflex,imposive,,,,not explicitly IPA approved,1D91,E219,,,,
220,,»∂,curly-tail T,,voiceless,alveolo-palatal,stop,,,,not explicitly IPA approved,236,,,,,
221,,»°,curly-tail D,,voiced,alveolo-palatal,stop,,,,not explicitly IPA approved,221,,,,,
222,,»µ,curly-tail N (at right),,voiced,alveolo-palatal,nasal,,,,not explicitly IPA approved,235,,,,,
290,,∆ª,barred two,,,,,,,,withdrawn (1976),01BB,E2B5,,,,
291,, û,turned K,,,,,,,,withdrawn (1979),029E,E2F4,,,,
292,,À£,superscript X,,voiceless,velar,fricative release,,,,,2000,D56F,,,,
293,,∆û,"N, right leg",syllabic,,nasal,,,,,withdrawn (1976),019E,E2E5,,,,
294,,∆õ,barred lambda,,voiceless,dental,alveolar,lateral affricate,,,,not IPA usage,019B,FD7B,,,
295,,Œª,lambda,,voiceless,dental,alveolar,lateral fricative,,,,not IPA usage,03BB,266E,,,
296,,≈æ,Z wedge,,voiced,postalveolar,,,,,not IPA usage,017E,F1F0,,,,
297,,≈°,S wedge,,voiceless,postalveolar,fricative,,,,not IPA usage,161,F1DC,,,,
298,,«∞,J wedge,,voiced,postalveolar,affricate,,,,not IPA usage,01F0,E290,,,,
299,,ƒç,C wedge,,voiceless,postalveolar,affricate,,,,not IPA usage,010D,F1AE,,,,
301,,i,lower-case I,,,,,close,front,unrounded,,69,E251,,,,
302,,e,lower-case E,,,,,close-mid,front,unrounded,,65,E256,,,,
303,√©,…õ,epsilon,,,,,open-mid,front,unrounded,,025B,E258,,,,
303,ai,a…™,,,,,,,,,,,,,,,
304,au,a ä,,,,,,,,,,,,,,,
304,,a,lower-case A,,,,,open,front,unrounded,,61,E25B,,,,
305,a,…ë,script A,,,,,open,back,unrounded,,251,E26C,,,,
306,…î,…î,open O,,,,,open-mid,back,rounded,,254,E26B,,,,
307,o,o,lower-case O,,,,,close-mid,back,rounded,,006F,E269,,,,
308,u,u,lower-case U,,,,,close,back,rounded,,75,E265,,,,
309,,y,lower-case Y,,,,,close,front,rounded,,79,E252,,,,
309,y,j,lower-case Y,,,,,,,,,,,,,,
310,,√∏,slashed O,,,,,close-mid,front,rounded,,00F8,E257,,,,
311,,≈ì,lower-case O-E ligature,,,,,open-mid,front,rounded,,153,E259,,,,
312,,…∂,small capital O-E ligature,,,,,open,front,rounded,,276,E25C,,,,
313,,…í,turned script A,,,,,open,back,rounded,,252,E26D,,,,
314, å, å,turned V,,,,,open-mid,back,unrounded,,028C,E26A,,,,
315,,…§,ram‚Äôs horns,,,,,close-mid,back,unrounded,,264,E268,,,,
316,,…Ø,turned M,,,,,close,back,unrounded,,026F,E264,,,,
317,,…®,barred I,,,,,close,central,unrounded,,268,E25D,,,,
318,, â,barred U,,,,,close,central,rounded,,289,E25E,,,,
319,i,…™,small capital I,,,,,near-close,near-front,unrounded,,026A,E254,,,,
320,, è,small capital Y,,,,,near-close,near-front,rounded,,028F,E255,,,,
321,, ä,upsilon,,,,,near-close,near-back,rounded,,028A,E267,,,,
322,e,…ô,schwa,,,,,mid,central,,,259,E25F,,,,
323,,…µ,barred O,,,,,close-mid,central,rounded,,275,E261,,,,
324,,…ê,turned A,,,,,near-open,central,,,250,E263,,,,
325,,√¶,ash,lower-case A-E ligature,,,,,near-open,front,unrounded,,0,E25A,,,
326,,…ú,reversed epsilon,,,,,open-mid,central,unrounded,,025C,E262,,,,
327,,…ö,right-hook schwa,R-coloured,,,,mid,central,,equivalent to 322+419,025A,E260,,,,
394,,ƒ±,undotted I,,,,,,,,not IPA usage,131,00F5,,,,
395,,…û,closed reversed epsilon,,,,,open-mid,central,rounded,,025E,E270,,,,
396,, ö,closed epsilon,,,,,open-mid,central,rounded,superseded by 395 (1996),029A,E273,,,,
397,,…ò,reversed E,,,,,close-mid,central,unrounded,,258,E26E,,,,
398,,…∑,closed omega,,,,,near-close,near-back,rounded,superseded by 321 (1989),277,E266,,,,
399,,…©,iota,,,,,near-close,near-front,unrounded,superseded by 319 (1989),269,E253,,,,
401,, º,apostrophe,,,,ejective,,,,,02BC,E249,,,,
402,,Ã•,Ãä,under-ring,over-ring,,voiceless,,,,,,,325,030A,E229,00CA
403,,Ã¨,subscript wedge,,voiced,,,,,,,032C,E22A,,,,
404,, ∞,superscript H,aspirated,,,,,,,,02B0,D565,,,,
405,,Ã§,subscript umlaut,breathy voiced,,,,,,,,324,E22B,,,,
406,,Ã∞,subscript tilde,creaky voiced,,,,,,,,330,23D8,,,,
407,,Ãº,subscript seagull,linguolabial,,,,,,,,033C,2200000000,,,,
408,,Ã™,subscript bridge,dental,,,,,,,,032A,E22C,,,,
409,,Ã∫,inverted subscript bridge,apical,,,,,,,,033A,23FD,,,,
410,,Ãª,subscript square,laminal,,,,,,,,033B,23FE,,,,
411,,Ãπ,subscript right half-ring,,,,,,,more rounded,,339,E23C,,,,
412,,Ãú,subscript left half-ring,,,,,,,less rounded,,031C,E232,,,,
413,,Ãü,subscript plus,advanced,,,,,,,,031F,E233,,,,
414,,Ã†,under-bar,retracted,,,,,,,,320,E234,,,,
415,,Ãà,umlaut,centralized,,,,,,,,308,E221,,,,
416,,ÃΩ,over-cross,mid-centralized,,,,,,,,033D,2311,,,,
417,,Ãò,advancing sign,advanced tongue root,,,,,,,,318,23F7,,,,
418,,Ãô,retracting sign,retracted tongue root,,,,,,,,319,23F8,,,,
419,,Àû,right hook,rhoticity,,,,,,,,02DE,E28A,,,,
420,, ∑,superscript W,labialized,,,,,,,,02B7,D56E,,,,
421,, ≤,superscript J,palatalized,,,,,,,,02B2,D567,,,,
422,,À†,superscript gamma,velarized,,,,,,,,2,E28B,,,,
423,,À§,superscript reversed glottal stop,pharyngealized,,,,,,,,20000,E28C,,,,
424,,ÃÉ,superscript tilde,nasalized,,,,,,,,303,E222,,,,
425,,‚Åø,superscript N,,,,nasal release,,,,,207F,FDA8,,,,
426,,À°,superscript L,,,,lateral release,,,,,20,FDA3,,,,
427,,Ãö,corner,no audible release,,,,,,,,031A,23F9,,,,
428,,Ã¥,superimposed tilde,velarized,pharyngealized,,,,,,,,334,E226,,,
429,,Ãù,Àî,raising sign,raised,,,,,,,,031D,02D4,E22F,,
430,,Ãû,Àï,lowering sign,lowered,,,,,,,,031E,02D5,E231,,
431,,Ã©,syllabicity mark,syllabic,,,,,,,,329,E22E,,,,
432,,ÃØ,subscript arch,non-syllabic,,,,,,,,032F,23FA,,,,
433,,Õ°,top tie bar,affricate,double,,,,,,,,361,E225,,,
489,,Ã¢,subscript right hook,rhoticity,,,,,,,superseded by 419 (1989),322,E228,,,,
490,,Àπ,open corner,release,burst,,,,,,,not IPA usage,02F9,E218,,,
491,",",",",comma,pause (comma),,,,,,,not IPA usage,002C,002C,,,,
492,, ª,reversed apostrophe,weak aspiration,,,,,,,withdrawn (1979),02BB,00A9,,,,
493,,Ãá,over-dot,palatalization,centralization,,,,,,,withdrawn (1979),307,E224,,,
494,,Àó,minus sign,retracted variety (backed),,,,,,,use 414 or 418 (1989),02D7,E239,,,,
495,,Àñ,plus sign,advanced variety (fronted),,,,,,,use 413 or 417 (1989),02D6,E238,,,,
496,, ∏,superscript Y,high-front rounding,palatalized,,,,,,,not IPA usage,02B8,D570,,,
497,,Ã£,under-dot,closer variety,fricative,,,,,,,use 429 (1989),323,E230,,,
498,,Ã°,subscript left hook,palatalized,,,,,,,superseded by 421 (1989),321,E227,,,,
499,,Ã´,subscript W,labialized,,,,,,,superseded by 420 (1989),032B,E22D,,,,
501,',Àà,vertical stroke (superior),primary stress,,,,,,,,02C8,E23E,,,,
502,,Àå,vertical stroke (inferior),secondary stress,,,,,,,,02CC,E23F,,,,
503,,Àê,length mark,long,,,,,,,,02D0,E23A,,,,
504,,Àë,half-length mark,half-long,,,,,,,,02D1,E23B,,,,
505,,ÃÜ,breve,extra-short,,,,,,,,306,E223,,,,
506,.,.,period,syllable break,,,,,,,,002E,002E,,,,
507,,|,vertical line (thick),minor (foot) group,,,,,,,,007C,007C,,,,
508,,‚Äñ,double vertical line (thick),major (intonation) group,,,,,,,,2016,2142,,,,
509,,‚Äø,bottom tie bar,linking (absence of a break),,,,,,,,203F,230F,,,,
510,,‚Üó,upward diagonal arrow,global rise,,,,,,,,2197,EF3E,,,,
511,,‚Üò,downward diagonal arrow,global fall,,,,,,,,2198,EF3D,,,,
512,,Ãã,double acute accent (over),extra high level,,,,,,,,030B,00CD,,,,
513,,ÃÅ,acute accent (over),high level,,,,,,,,301,00C2,,,,
514,,ÃÑ,macron,mid level,,,,,,,,304,00C5,,,,
515,,ÃÄ,grave accent (over),low level,,,,,,,,300,00C1,,,,
516,,Ãè,double grave accent (over),extra low level,,,,,,,,030F,2300,,,,
517,,‚Üì,down arrow,downstep,,,,,,,,2193,EEAF,,,,
518,,‚Üë,up arrow,upstep,,,,,,,,2191,EEAD,,,,
519,,À•,extra-high tone letter,extra high level,,,,,,,,200000,E28D,,,,
520,,À¶,high tone letter,high level,,,,,,,,2000000,E28E,,,,
521,,Àß,mid tone letter,mid level,,,,,,,,20000000,E28F,,,,
522,,À®,low tone letter,low level,,,,,,,,200000000,E29F,,,,
523,,À©,extra-low tone letter,extra low level,,,,,,,,2000000000,E29E,,,,
524,,Ãå,wedge,h√°ƒçek,rising contour,,,,,,,,030C,00CF,,,
525,,ÃÇ,circumflex,falling contour,,,,,,,,302,00C3,,,,
526,,·∑Ñ,macron plus acute accent,high rising contour,,,,,,,,1DC4,E296,,,,
527,,·∑Ö,grave plus acute accent,low rising contour,,,,,,,,1DC5,E297,,,,
528,,·∑à,grave plus acute plus grave accent,rising-falling contour,,,,,,,,1DC8,E298,,,,
529,,À©À•,rising tone letter,rising contour,,,,,,,,02E9+02E5,E299,,,,
530,,À•À©,falling tone letter,falling contour,,,,,,,,02E5+02E9,E29A,,,,
531,,À¶À•,high-rising tone letter,high rising contour,,,,,,,,02E6+02E5,E29B,,,,
532,,À©À®,low-rising tone letter,low rising contour,,,,,,,,02E9+02E8,E29C,,,,
533,,ÀßÀ¶Àß,rising-falling tone letter,rising-falling contour,,,,,,,,02E7+02E6+02E7,E29D,,,,
595,,Ãë,superscript arch,long falling tone,advanced,palatal,,,,,,,not IPA usage,311,23F2,,
596,,Àá,wedge,h√°ƒçek,falling-rising tone,,,,,,,usage redefined (1989) see 524,02C7,E247,,,
597,,ÀÜ,circumflex,rising-falling tone,,,,,,,usage redefined (1989) see 525,02C6,E246,,,,
598,,Ãñ,Àé,subscript grave accent,low falling tone,,,,,,,superseded (1989),316,02CE,E245,,
599,,Ãó,Àè,subscript acute accent,low rising tone,,,,,,,superseded (1989),317,02CF,E243,,
601,, ≠,double bridge,,,bidental,percussive,,,,,02AD,,,,,
602,, ©,F-eng ligature,,,velopharyngeal,fricative,,,,,02A9,,,,,
603,, ™,L-S ligature,lateralized [s],,,,,,,,02AA,,,,,
604,, ´,L-Z ligature,lateralized [z],,,,,,,,02AB,,,,,
611,,‚ùç,balloon,unidentified segment(s),,,,,,,,274D,,,,,
612,,*,asterisk,placeholder symbol,,,,,,,,002A,,,,,
621,,V,upper-case V,voice,,,,,,,equivalent to 722,56,,,,,
622,,F,upper-case F,falsetto,,,,,,,equivalent to 706,46,,,,,
623,,W,upper-case W,whisper,,,,,,,equivalent to 723,57,,,,,
624,,C,upper-case C,creak,,,,,,,equivalent to 703,43,,,,,
625,,L,upper-case L,larynx,,,,,,,equivalent to 712,004C,,,,,
626,,J,upper-case J,jaw,,,,,,,equivalent to 710,004A,,,,,
627,,≈í,upper-case O-E ligature,oesophageal speech,,,,,,,,152,,,,,
628,,Œò,upper-case Greek theta,protruded-tongue voice,,,,,,,,398,,,,,
631,,(.),bracketed single period,short pause,,,,,,,use 506,0028+002E+0029,,,,,
632,,(..),bracketed double period,medium-length pause,,,,,,,use 506,0028+002E+002E+0029,,,,,
633,,(...),bracketed triple period,long pause,,,,,,,use 506,0028+002E+002E+002E+0029,,,,,
634,,ùÜë,forte,loud speech,,,,,,,,1D191,,,,,
635,,ùÜëùÜë,fortissimo,louder speech,,,,,,,,1D191+1D191,,,,,
636,,ùÜè,piano,quiet speech,,,,,,,,1D18F,,,,,
637,,ùÜèùÜè,pianissimo,quieter speech,,,,,,,,1D18F+1D18F,,,,,
638,,ùëéùëôùëôùëíùëîùëüùëú,allegro,fast speech,,,,,,,,1D44E+1D459+1D459+1D452+1D454+1D45F+1D45C,,,,,
639,,ùëôùëíùëõùë°ùëú,lento,slow speech,,,,,,,,1D459+1D452+1D45B+1D461+1D45C,,,,,
640,,1,numeral one,slight degree,,,,,,,,31,,,,,
641,,2,numeral two,moderate degree,,,,,,,,32,,,,,
642,,3,numeral three,extreme degree,,,,,,,,33,,,,,
651,,ÕÜ,superscript bridge,dentolabial,,,,,,,,346,,,,,
652,,Õç,subscript double arrow,labial spreading,,,,,,,,034D,,,,,
653,,ÕÜÃ™,superscript+subscript bridge,bidental articulation,,,,,,,,0346+032A,,,,,
654,,Õä,superscript slashed tilde,denasal,,,,,,,,034A,,,,,
655,,Õã,superscript dotted tilde,nasal escape,,,,,,,,034B,,,,,
656,,Õå,superscript double tilde,velopharyngeal friction,,,,,,,,034C,,,,,
657,,Õà,subscript double syllabicity mark,stronger articulation,,,,,,,,348,,,,,
658,,Õâ,subscript corner,weaker articulation,,,,,,,,349,,,,,
659,,\,backslash,reiterated articulation,,,,,,,,005C,,,,,
660,,Õé,subscript upward arrow-head,whistled articulation,,,,,,,,034E,,,,,
661,,‚Üì,down full arrow,ingressive air flow,,,,,,,,2193,,,,,
662,,‚Üë,up full arrow,egressive air flow,,,,,,,,2191,,,,,
663,,À¨,left-sited subscript wedge,pre-voicing,,,,,,,use 403,02EC,,,,,
664,,À¨,right-sited subscript wedge,post-voicing,,,,,,,equivalent to 403,02EC,,,,,
665,,‚ÇçÃ¨‚Çé,bracketed subscript wedge,partial voicing,,,,,,,,208D+032C+208E,,,,,
666,,‚ÇçÃ¨,left-bracketed subscript wedge,initial partial voicing,,,,,,,,208D+032C,,,,,
667,,Ã¨‚Çé,right-bracketed subscript wedge,final partial voicing,,,,,,,,032C+208E,,,,,
668,,‚ÇçÃ•‚Çé,bracketed under-ring,partial devoicing,,,,,,,,208D+0325+208E,,,,,
669,,‚ÇçÃ•,left-bracketed under-ring,initial partial devoicing,,,,,,,,208D+0325,,,,,
670,,Ã•‚Çé,right-bracketed under-ring,final partial devoicing,,,,,,,,0325+208E,,,,,
671,, ∞,left-sited superscript H,pre-aspiration,,,,,,,use 404,02B0,,,,,
672,,!!,right-sited double exclamation point,ventricular,,,,,,,,0021+0021,,,,,
673,,·∂π,superscript cursive V,labiodentalized,,,,,,,,1DB9,,,,,
674,,Õ¢,subscript right arrow,slurred articulation,,,,,,,,362,,,,,
675,,Õá,subscript equals sign,alveolarized,,,,,,,,347,,,,,
676,, ∂,superscript inverted small capital R,uvularized,,,,,,,,02B6,,,,,
677,,Íü∏,superscript double-barred H,faucalized,,,,,,,,A7F8,,,,,
678,,Íüπ,superscript O-E ligature,labialized: open-rounded,,,,,,,,A7F9,,,,,
679,,!,right-sited exclamation point,harsh,,,,,,,,21,,,,,
680,,À≠,superscript equals sign,unaspirated,,,,,,,,02ED,,,,,
681,,À±,subscript left pointer,laterally offset to the right,,,,,,,,02F1,,,,,
682,,À≤,subscript right pointer,laterally offset to the left,,,,,,,,02F2,,,,,
683,,À∑,right-sited subscript tilde,creaky,,,,,,,equivalent to 406,02F7,,,,,
701,,A,upper-case A,A,,,,,,,,41,,,,,
702,,B,upper-case B,B,,,,,,,,42,,,,,
703,,C,upper-case C,C (creak),,,,,,,use 624,43,,,,,
704,,D,upper-case D,D,,,,,,,,44,,,,,
705,,E,upper-case E,E,,,,,,,,45,,,,,
706,,F,upper-case F,F (falsetto),,,,,,,use 622,46,,,,,
707,,G,upper-case G,G,,,,,,,,47,,,,,
708,,H,upper-case H,H,,,,,,,,48,,,,,
709,,I,upper-case I,I,,,,,,,,49,,,,,
710,,J,upper-case J,J (jaw),,,,,,,use 626,004A,,,,,
711,,K,upper-case K,K,,,,,,,,004B,,,,,
712,,L,upper-case L,L (larynx),,,,,,,use 625,004C,,,,,
713,,M,upper-case M,M,,,,,,,,004D,,,,,
714,,N,upper-case N,N,,,,,,,,004E,,,,,
715,,O,upper-case O,O,,,,,,,,004F,,,,,
716,,P,upper-case P,P,,,,,,,,50,,,,,
717,,Q,upper-case Q,Q,,,,,,,,51,,,,,
718,,R,upper-case R,R,,,,,,,,52,,,,,
719,,S,upper-case S,S,,,,,,,,53,,,,,
720,,T,upper-case T,T,,,,,,,,54,,,,,
721,,U,upper-case U,U,,,,,,,,55,,,,,
722,,V,upper-case V,V (voice),,,,,,,use 621,56,,,,,
723,,W,upper-case W,W (whisper),,,,,,,use 623,57,,,,,
724,,X,upper-case X,X,,,,,,,,58,,,,,
725,,Y,upper-case Y,Y,,,,,,,,59,,,,,
726,,Z,upper-case Z,Z,,,,,,,,005A,,,,,
901,,[,left square bracket,begin phonetic transcription,,,,,,,,005B,005B,,,,
902,,],right square bracket,end phonetic transcription,,,,,,,,005D,005D,,,,
903,,/,slash,begin phonemic transcription,end phonemic transcription,,,,,,,,002F,002F,,,
906,,(,left parenthesis,indistinguishable utterance (begin),,,,,,,,28,28,,,,
907,,),right parenthesis,indistinguishable utterance (end),,,,,,,,29,29,,,,
908,,((,left double parenthesis,sound obscured (begin),,,,,,,,0028+0028,2127,,,,
909,,)),right double parenthesis,sound obscured (end),,,,,,,,0029+0029,2128,,,,
910,,{,left brace,begin prosodic notation,,,,,,,,007B,007B,,,,
911,,},right brace,end prosodic notation,,,,,,,,007D,007D,,,,
